tweet,sentiment_blob,sentiment_vader
Yuruyen merdivenli ilk universite :) #istanbulkulturuniversitesi #kulturuni   @ Ä°stanbul KÃ¼ltÃ¼r Ãœniversitesi http://t.co/17jOMxFI,1,1
#istanbulkulturuniversitesi bÄ±z cok meraklÄ±ydÄ±k oynamaya zaten bu becerÄ±ksÄ±z organÄ±zasyonda,0,0
#istanbulkulturuniversitesi para var beyin 0,0,0
#istanbulkulturuniversitesi once insanligi ogrensin sonra tiyatro yapar sonrada festival,0,1
#istanbulkulturuniversitesi bÄ±r festÄ±val duzenlÄ±yor yurt dÄ±sÄ±ndan gelen ekÄ±bÄ± bekletemem dÄ±ye bÄ±zÄ±m oyunumuzu Ä±ptal edÄ±yor.,0,0
"#istanbulkulturuniversitesi uluslar arasÄ± festÄ±val yapÄ±p, Ä±sÄ±k gorevlÄ±sÄ± olmadÄ±gÄ± Ä±cÄ±n mÄ±safÄ±r ekÄ±p Ä±sÄ±ga cÄ±kÄ±yor ve cÄ±kanÄ±n kafasÄ± yarÄ±lÄ±yo",0,0
#istanbulkulturuniversitesi uluslarasi festival duzenliyor. Sunu merak ediyorm o oyunlari anlicak ogrenci&amp;teknik ekip mevcut mu peki?(!)?,0,1
#istanbulkulturuniversitesi Yeditepe Ãœniversitesi Tiyatro KulÃ¼bÃ¼'ne karÅŸÄ± kabul edilemez bir Ã¼slup. Diz boyu saygÄ±sÄ±zlÄ±k. @IKUedu,0,0
BugÃ¼nÃ¼mÃ¼ sÃ¼sleyen kitap #beneebaron #kendinizitanÄ±yÄ±n ğŸ€ #ikÃ¼ #istanbulkulturuniversitesi #ikÃ¼yayÄ±nevi https://t.co/X0KbVFdE9s,0,0
Hey gidi gÃ¼nler #TBT 'si ğŸ™ˆ  #istanbulkulturuniversitesi #iku #3temmuz2013 #mezuniyetâ€¦ https://t.co/IeT6BZLzzl,0,0
TEDx Ä°KÃœ baÅŸladÄ±. KaÃ§Ä±ranlar Ã§ok Ã¼zÃ¼lecek. #tedxikÃ¼ #tedxiku #tedx #istanbulkulturuniversitesiâ€¦ https://t.co/MGOd9caOZM,0,0
"Ä°KÃœ Pop MÃ¼zik TopluluÄŸu, 70'lerden GÃ¼nÃ¼mÃ¼ze YabancÄ± Pop Konseri #istanbulkulturuniversitesiâ€¦ https://t.co/UZWZDxEiBD",0,0
"Ä°stanbul KÃ¼ltÃ¼r Ãœniversitesi'nde bugÃ¼n saygÄ±deÄŸer Ã¶ÄŸretmenlerimiz eÅŸliÄŸinde, birbirinden deÄŸerli Ã¶ÄŸrencilerimiz ile birlikte Ã¶ÄŸretmenler gÃ¼nÃ¼nÃ¼ kutladÄ±k. Ä°ÅŸte bu Ã¶zel gÃ¼ne dair kareler!
#24KasÄ±mÃ–ÄŸretmenlerGÃ¼nÃ¼ #Ã–ÄŸretmenlerGÃ¼nÃ¼ #Ã¶ÄŸretmen #istanbulkulturuniversitesi https://t.co/cD5dsRSOTb",0,0
Ä°stanbul KÃ¼ltÃ¼r Ãœniversitesi ile ortaklaÅŸa gerÃ§ekleÅŸtirdiÄŸimiz KadÄ±n ve YaÅŸam Semineri sunumlarla devam ediyor. #istanbulkulturuniversitesi #seminer #kadÄ±nveyasam https://t.co/u4byLEIXzE,0,0
"24 KasÄ±m ""Ã–ÄŸretmenler GÃ¼nÃ¼"" kapsamÄ±nda dÃ¼zenlenecek programÄ±mÄ±za tÃ¼m Ã¶ÄŸretmen ve Ã¶ÄŸrencilerimiz davetlidir. ğŸ“£

#ogretmenlergunu #ogretmen #istanbulkulturuniversitesi #iku https://t.co/U0KutgfODt",0,0
"24 KasÄ±m ""Ã–ÄŸretmenler GÃ¼nÃ¼"" kapsamÄ±nda dÃ¼zenlenecek programÄ±mÄ±za tÃ¼m Ã¶ÄŸretmen ve Ã¶ÄŸrencilerimiz davetlidir.ğŸ“£
#ogretmenlergunu #ogretmen #istanbulkulturuniversitesi #iku https://t.co/KWuppOR6mb",0,0
Bu ay #IstanbulKulturUniversitesi â€˜nde   @kultur_noktasi yaptigimiz #Next18Fintech etkinliginde #EskiPuanlarKriptoParaOldu @globalmiles_ konusu icin @kullanilability sahnede @FinTechTime https://t.co/SnJEJ1tM8H,0,0
Bu ay #IstanbulKulturUniversitesi â€˜nde   @kultur_noktasi yaptigimiz #Next18Fintech etkinliginde #Insuretech ve #AI konulari icin @gokalpharman sahnede @FinTechTime https://t.co/lDOv4z3845,0,0
"AKINSOFT Pazarlama MÃ¼dÃ¼rÃ¼ Ganimete GÄ°LANCÄ° ve ÃœrÃ¼n - Proje MÃ¼dÃ¼r YardÄ±mcÄ±sÄ± Engin ÃœNAL, AtakÃ¶y YerleÅŸkesinde ""Yeni Medya Seminerleri 16"" EtkinliÄŸi kapsamÄ±nda Ä°stanbul KÃ¼ltÃ¼r Ãœniversitesi Ã¶ÄŸrencileriyle buluÅŸtu. #Ä°KÃœ #Ä°stanbulkulturuniversitesi #yenimedyaseminerleri16 #akinsoft https://t.co/6I2kqaV3kQ",0,0
"Yeni arkadaÅŸlarÄ±mÄ±za hoÅŸ geldiniz diyoruz!
Ä°ÅŸletme GiriÅŸimcilik ve Ä°novasyon KulÃ¼bÃ¼ (Ä°GÄ°) olarak sizleri aramÄ±zda gÃ¶rmekten mutluluk duyarÄ±z ğŸ¤—  #istanbulkÃ¼ltÃ¼rÃ¼niversitesi #ikÃ¼ #ikuigi #isletme #giriÅŸimcilik #inovasyon #istanbulkulturuniversitesi 
https://t.co/EZm4cSJS3T https://t.co/ERtXeHR0MW",0,1
"28 Nisan'da genÃ§ meslektaÅŸ adaylarimiza yeni fikirler vermek, ilham olmak, ufuk aÃ§mak,  hayal kurdurmak icin @ieeeiku davetlisi olarak #IstanbulKulturUniversitesi 'ndeyiz. #Genetik okuyup da ne olacaÄŸÄ±z hocam diyeâ€¦ https://t.co/cTyJivqYYr",0,0
"HayatÄ±nÄ±n en keyifliğŸ˜‚, en yaratÄ±cÄ±ğŸ¤©, en bilgiliğŸ§ ve en eÄŸlenceliğŸ¥³ dÃ¶nemi baÅŸlÄ±yorğŸ‘ğŸ»
KayÄ±t iÃ§in unutmaman gerekenleri senin iÃ§in sÄ±raladÄ±kğŸ¤”ğŸ¤—ğŸ˜‰ğŸ‘‡ğŸ»

#kÃ¼ltÃ¼rÃ¼niversitesi #iku #istanbulkulturuniversitesi 
@IKUedu https://t.co/6qEM6CbG3l",0,1
"Yeniliklerle, bilgiyle, gÃ¼zelliklerle dolu Ã¼niversite hayatÄ±n burada baÅŸladÄ±. Son bir adÄ±m daha... KayÄ±t iÃ§in unutmaman gerekenleri senin iÃ§in sÄ±raladÄ±k. ğŸ˜‰ğŸ‘† #kÃ¼ltÃ¼rÃ¼niversitesi #iku #istanbulkulturuniversitesi https://t.co/HTc90C4yUJ",0,0
"Scenes from the class at Istanbul KÃ¼ltÃ¼r University, Department of Tourism and Hotel Managment...

Ä°stanbul KÃ¼ltÃ¼r Ãœniversitesi, Turizm ve Otel Ä°ÅŸletmeciliÄŸi bÃ¶lÃ¼mÃ¼ Ã¶ÄŸrencilerine ilk dersimden kareler. Ã‡ok keyifliydi...

#cangezi #istanbulkulturuniversitesi #iku https://t.co/mYFFHZZ1BZ",0,0
"BugÃ¼n, Ä°stanbul KÃ¼ltÃ¼r Ãœniversitesiâ€™nde Turizm ve Otel Ä°ÅŸletmeciliÄŸi bÃ¶lÃ¼mÃ¼ Ã¶ÄŸrencilerine â€œmisafir Ã¶ÄŸretmen / guest lecturerâ€ olarak ilk dersimi veriyorum...

#cangezi #istanbulkulturuniversitesi #iku https://t.co/NDKhBzyk17",0,0
BugÃ¼n gÃ¼nlerden KÃ¼ltÃ¼r #istanbulkulturuniversitesi ğŸ“š https://t.co/sq410RS8dm,0,0
"Ä°stanbul KÃ¼ltÃ¼r Ãœniversitesi, Turizm ve Otel Ä°ÅŸletmeciliÄŸi bÃ¶lÃ¼mÃ¼ Ã¶ÄŸrencilerine ilk dersimden kareler. Ã‡ok keyifliydi...

#cangezi #istanbulkulturuniversitesi #iku https://t.co/3eu9sEzfJU",0,0
"Cangezi ile Ä°stanbul KÃ¼ltÃ¼r Ãœniversitesi Turizm ve Otel Ä°ÅŸletmeciliÄŸi ProgramÄ± arasÄ±nda sektÃ¶rel iÅŸbirliÄŸi protokolÃ¼ imzalanmÄ±ÅŸtÄ±r. Protokol Ã§erÃ§evesinde eÄŸitim / dersler, staj ve iÅŸ imkanÄ± saÄŸlanacaktÄ±r...

#cangezi #istanbulkulturuniversitesi #iku https://t.co/EPdwLbnPz5",0,0
"kampÃ¼sÃ¼ yok dediler olsun eÄŸitimi var dedik 
ÅŸuan bakÄ±yorum da sevebileceÄŸimiz hiÃ§bir ÅŸeyin kalmamÄ±ÅŸ 
Ã¶ÄŸrencilerini maÄŸdur etme ikÃ¼ 
sana deÄŸer katacak tek ÅŸey biziz 
#istanbulkulturuniversitesi #ikusiniftakaldi",0,0
Ä°stanbul KÃ¼ltÃ¼r Ãœniversitesi HakkÄ±nda Bilgi ğŸ‘‰ https://t.co/yAcWFN5WVU #AllWorldData #Ã¼niversite #tercih #istanbulkulturuniversitesi,0,0
istanbul kÃ¼ltÃ¼r Ã¼niversitesi's photostream Ä°zmir Saint Joseph Lisesi @izmirsj http://t.co/dItkXDAZ,0,0
istanbul kÃ¼ltÃ¼r Ã¼niversitesi hukuk fuckÃ¼ltesi.,0,0
istanbul kÃ¼ltÃ¼r Ã¼niversitesi beni niye takip ediyor amk,0,0
istanbul kÃ¼ltÃ¼r Ã¼niversitesi #okulakitabÄ±nlabaÅŸla,0,0
Ã–nÃ¼mÃ¼zdeki hafta istanbul kÃ¼ltÃ¼r Ã¼niversitesi bÃ¶lgesinde sert lodos ile birlikte vize yaÄŸmuru bekleniyor,0,0
IkÃ¼ (istanbul kÃ¼ltÃ¼r Ã¼niversitesi)  tarihinde ilk defa kar tatili yapacakmÄ±ÅŸ. Ã–ÄŸrenciler soktaymis. AsÄ±rlÄ±k Ã¼niversite ya hani(!) :D :D,1,1
#axesurpriziokulumda   istanbul kÃ¼ltÃ¼r Ã¼niversitesi neden olmasÄ±nn,0,0
FazÄ±l Say bu gece istanbul KÃ¼ltÃ¼r Ãœniversitesi AkÄ±ngÃ¼Ã§ Oditoryumunda burslu Ã¶ÄŸrenciler yararÄ±na konser veriyor@IKUedu http://t.co/PPuS87ytTy,0,0
olum bu esenlerden istanbul kÃ¼ltÃ¼r Ã¼niversitesi ( bahÃ§elievler ) Ã¶zel araÃ§la ne kadar sÃ¼rer bilen yok muu,0,0
arkadaÅŸlar istanbul kÃ¼ltÃ¼r Ã¼niversitesi hukuk fakÃ¼ltesi'nde Ã§ok sÄ±kÄ±lÄ±yorum. gelsenize. ÅŸirinevlerde. e5'in kenarÄ±.,0,0
istanbul kÃ¼ltÃ¼r Ã¼niversitesi bu ara turkcelle yarÄ±ÅŸÄ±yo mesaj atma konusunda,0,0
vee istanbul kÃ¼ltÃ¼r  Ã¼niversitesi :)),1,0
istanbul kÃ¼ltÃ¼r Ã¼niversitesi: https://t.co/AzmqAHaskc kultur universitesi&amp;utm_term=0 @sozluk,0,0
#istanbul #kÃ¼ltÃ¼r #Ã¼niversitesi bu mesajla duygulandirdin beni :'( http://t.co/lIHGJNrwBy,-1,-1
I'm at istanbul kÃ¼ltÃ¼r Ã¼niversitesi http://t.co/tJA3wy9LDu,0,0
KayÄ±t iÅŸlemleride tamam @istanbul kÃ¼ltÃ¼r Ãœniversitesi,0,0
"#meslekistasyonu kapsamÄ±nda, istanbul KÃ¼ltÃ¼r Ãœniversitesi AtakÃ¶y KampÃ¼sÃ¼ Seminer 2 Salonunda LC Waikiki E-Ticaret... http://t.co/PTorn0kTDM",0,0
"27 EylÃ¼l saat 15.00de @Kariyerist2012 #meslekistasyonu kapsamÄ±nda, istanbul KÃ¼ltÃ¼r Ãœniversitesi AtakÃ¶y KampÃ¼sÃ¼... http://t.co/xxYvzfESBg",0,0
"- Nerede okuyorsun?
+ istanbul kÃ¼ltÃ¼r Ã¼niversitesi
- Hmm. hangi ÅŸehirde?
+ Hakkari'de amÄ±nakoyim",0,0
"- Nerede okuyorsun?
+ istanbul kÃ¼ltÃ¼r Ã¼niversitesi
- Hmm. hangi ÅŸehirde?
+ Hakkari'de amÄ±nakoyim.",0,0
"- Nerede okuyorsun?
+ istanbul kÃ¼ltÃ¼r Ã¼niversitesi
- Hmm. hangi ÅŸehirde?
+ Hakkari'de amÄ±nakoyim.",0,0
- Nerede okuyorsun? + istanbul kÃ¼ltÃ¼r Ã¼niversitesi - Hmm. hangi ÅŸehirde? + Hakkari'de amÄ±nakoyim.,0,0
"""@AlptunaAlptuna: - Nerede okuyorsun?
+ istanbul kÃ¼ltÃ¼r Ã¼niversitesi
- Hmm. hangi ÅŸehirde?
+ Hakkari'de amÄ±nakoyim.""",0,0
"ÅiÅŸman, istanbul kÃ¼ltÃ¼r Ã¼niversitesi uluslararasÄ± iliÅŸkiler 2 sÄ±nÄ±f Ã¶ÄŸrencisi Duygu'dan: ""annem ben erkek olsaydÄ±m adÄ±mÄ± Can koyacakmÄ±ÅŸ""",0,0
"TeÅŸekkÃ¼rler beÅŸiktaÅŸ belediyesi,bakÄ±rkÃ¶y belediyesi arel Ã¼niversitesi migros istanbul kÃ¼ltÃ¼r Ã¼niversitesi doÄŸan kitap toyata ve koÃ§...",0,0
istanbul bilgi Ã¼niveristesi istanbul kÃ¼ltÃ¼r Ã¼niversitesi fatih Ã¼niversitesi? â€” ani ani aniiiiii http://t.co/mUD2hTWvxv,0,0
istanbul kÃ¼ltÃ¼r Ãœniversitesi mescid yapÄ±mÄ± iÃ§in imza topluyoruz http://t.co/luUUDUu01O @ChangeTR aracÄ±lÄ±ÄŸÄ±yla,0,0
ÅAAAAAMPÄ°YOOONNN!! #istanbul #kÃ¼ltÃ¼r #Ã¼niversitesi @okantemizten @ Ä°TÃœ Stadyumu http://t.co/NuU1OTWxIV,0,0
Ä°badet Ã¶zgÃ¼rlÃ¼ÄŸÃ¼ herkesin hakkÄ±.ğŸ˜‡/istanbul kÃ¼ltÃ¼r Ãœniversitesi Ã¶ÄŸrencileri: mescid istiyoruz http://t.co/T09cZC8K5h @ChangeTR aracÄ±lÄ±ÄŸÄ±yla,0,1
yarÄ±n festivaller baÅŸlasÄ±n ilk durak istanbul kÃ¼ltÃ¼r Ã¼niversitesi !,0,0
3.dÃ¶vmem iÃ§in tek engel istanbul kÃ¼ltÃ¼r Ã¼niversitesi! bi bÄ±rak bizi biÅŸi denicez!,0,0
#best #of #the #world #sÄ±la #genÃ§oÄŸlu #in #love #istanbul #kÃ¼ltÃ¼r #Ã¼niversitesi @ Ä°stanbul KÃ¼ltÃ¼râ€¦ http://t.co/WGLa37zgUP,1,1
SILA KONSER Ã¶ncesi ğŸ˜†ğŸ˜‰ğŸ˜ #konser #istanbul #kÃ¼ltÃ¼r #Ã¼niversitesi #i.k.Ã¼ #instagood #instaphotoâ€¦ http://t.co/RROxq34Slu,0,1
#ikufest #sÄ±laaa #saki @ istanbul kÃ¼ltÃ¼r Ã¼niversitesi http://t.co/zYv0IPjkIR,0,0
#ikÃ¼#fest#sÄ±la#konser#eglence#mutluluk @ istanbul KÃ¼ltÃ¼r Ã¼niversitesi http://t.co/zHWBxW592m,0,0
#istanbul#kÃ¼ltÃ¼r#Ã¼niversitesi#ÅŸenlik#duman#darmaduman#eglence#mutluluk#hayat#burda http://t.co/n0JBswBnvE,0,0
I'm at istanbul kÃ¼ltÃ¼r Ã¼niversitesi http://t.co/AuecRtRq0G,0,0
"""Final""ler x) (@ istanbul kÃ¼ltÃ¼r Ã¼niversitesi) http://t.co/X8TWZMVQLf",0,0
#ben #sÄ±la #konserine #gittik #sanÄ±yodum #istanbulkÃ¼ltÃ¼rÃ¼niversitesi :ğŸ˜±ğŸ˜‚ğŸ˜‚ğŸ˜‚ @ istanbul kÃ¼ltÃ¼r Ã¼niversitesi http://t.co/r50mARKeQh,0,1
istanbul kÃ¼ltÃ¼r Ã¼niversitesi yenibosna kampÃ¼sÃ¼ airport avm yanÄ±/26 haziran 20:00 /kiÅŸi sÄ±nÄ±rlamasÄ±â€¦ http://t.co/LwpwlsZDKU,0,0
LangÄ±rt keyfiiğŸ‘ğŸ˜Š @simemmnek fadil_tut @ istanbul kÃ¼ltÃ¼r Ã¼niversitesi http://t.co/EbnHgjs4PP,0,1
istanbul kÃ¼ltÃ¼r Ã¼niversitesi: https://t.co/ALUG7BTEKB @sozluk,0,0
her youtube videosundan fÄ±rlayan istanbul kÃ¼ltÃ¼r Ã¼niversitesi reklamlarÄ±nÄ± gÃ¶rmeye gÃ¼cÃ¼m kalmadÄ±,0,0
"youtube'da istanbul kÃ¼ltÃ¼r Ã¼niversitesi yurt tanÄ±tÄ±m filmi,tercih dÃ¶nemi-tanÄ±tÄ±m gÃ¼nleri izlemekle geÃ§iyor gÃ¼nlerim.",0,0
#istanbul #kÃ¼ltÃ¼r#Ã¼niversitesi #iÅŸletme #lojistik KÃ¼ltÃ¼rlÃ¼ olmak gÃ¼zeldir :) http://t.co/oZcoOsk99C,1,1
Kimi sorsam istanbul aydÄ±n Ãœniversitesi yada istanbul kÃ¼ltÃ¼r Ãœniversitesi,0,0
I'm at istanbul kÃ¼ltÃ¼r Ã¼niversitesi kiz Ã¶ÄŸrenci yurdu in Ä°stanbul https://t.co/YJFbWQpD8C,0,0
#okulyolutaÅŸtan #ikÃ¼ #gÃ¼neÅŸgÃ¶rdÃ¼mÃ¼kaÃ§maz â˜ºï¸âœŒï¸ğŸ’ƒ @ istanbul kÃ¼ltÃ¼r Ã¼niversitesi http://t.co/Xd7c331ouf,0,1
ğŸ’¤ (@ istanbul kÃ¼ltÃ¼r Ã¼niversitesi) https://t.co/OMhq7ujMmm,0,-1
"HayÄ±rdÄ±r birader bir sÄ±kÄ±ntÄ±mÄ± var...! :-)
#istanbul #kÃ¼ltÃ¼r #Ã¼niversitesi
#sÄ±nav #sonrasÄ± #hocayaâ€¦ http://t.co/UMMhRkkkcR",1,1
I'm at istanbul kÃ¼ltÃ¼r Ã¼niversitesi https://t.co/ErzbFPYxng,0,0
#SPSS #dersi #yaklaÅŸÄ±yor #istanbul #kÃ¼ltÃ¼r #Ã¼niversitesi #ikÃ¼ @ Ä°stanbul KÃ¼ltÃ¼r Ãœniversitesi http://t.co/TQJmsKtzk3,0,0
Finaller biterse â˜ºï¸ #snow â„ï¸ @ istanbul kÃ¼ltÃ¼r Ã¼niversitesi http://t.co/mzzNIFGF9A,0,1
Az Ã¶nce bir fotoÄŸraf paylaÅŸtÄ± @ istanbul kÃ¼ltÃ¼r Ã¼niversitesi https://t.co/nuvmhx93TX,0,0
yarÄ±n saat 15:30 da istanbul kÃ¼ltÃ¼r Ã¼niversitesi'nde... http://t.co/UBxDSdkW8t,0,0
Ders saatiniz bekleyoz bizzz! @ istanbul kÃ¼ltÃ¼r Ã¼niversitesi https://t.co/wOcD72z3eP,0,0
Biz boyle siriniz bence @ istanbul kÃ¼ltÃ¼r Ã¼niversitesi https://t.co/ubyZp392By,0,0
09:55 hayaller boÄŸaziÃ§i 10:15 hayatlar istanbul kÃ¼ltÃ¼r Ã¼niversitesi Ã¼cretli bÃ¼tÃ¼n bÃ¶lÃ¼mler,0,0
Seytanimiz bol olsun canisi @ istanbul kÃ¼ltÃ¼r Ã¼niversitesi https://t.co/UfQqpEVUhn,0,0
#iyimiyizbÃ¶ylegenÃ§ler @ istanbul kÃ¼ltÃ¼r Ã¼niversitesi https://t.co/MfqahHpA4Z,0,0
I'm at istanbul kÃ¼ltÃ¼r Ã¼niversitesi https://t.co/ygOa9XJbmP,0,0
Sesimize sÄ±Ã§alar mÄ±? @tubaarar @ istanbul kÃ¼ltÃ¼r Ã¼niversitesi atakÃ¶y kampÃ¼sÃ¼ https://t.co/zatl3ItUOV,0,0
MÃ¼kemmel ğŸ‘ŠğŸ‘ŠğŸ‘Š (@ istanbul kÃ¼ltÃ¼r Ã¼niversitesi bahar ÅŸenlikleri) https://t.co/Ht66YF6Teo,0,0
Åenlik var dediler geldik.. eh birazda eglendikk @ istanbul kÃ¼ltÃ¼r Ã¼niversitesi atakÃ¶y kampÃ¼sÃ¼ https://t.co/S6Ugki9N8E,0,0
#ikÃ¼#istanbul#kÃ¼ltÃ¼r#Ã¼niversitesi#reklam#Ã§ekimi#AhmetBikiÃ§#kÃ¼ltÃ¼relÃ§isi# https://t.co/LRGhztW8JH,0,0
Ã‡ocuk demiÅŸ Ã§ok fazla giderim var bana ortak olmalÄ±sÄ±n kÄ±z da demiÅŸ ki allahÄ±m ne kadar istanbul kÃ¼ltÃ¼r Ã¼niversitesi bir erkek,0,0
Ay oley istanbul kÃ¼ltÃ¼r Ã¼niversitesi insan hayattan nasÄ±l bezdirilir bÃ¶lÃ¼mÃ¼nÃ¼ kazanmÄ±ÅŸÄ±mğŸ’,0,1
Ne mezunusun ki bukadar herseyden haberin var bilgin var diyenler ;istanbul kÃ¼ltÃ¼r Ãœniversitesi Ä°ÅŸletme mezunuyum .2001 mezunu .oldumu ???,0,0
"""vurur yÃ¼ze ifadesi istanbul kÃ¼ltÃ¼r Ã¼niversitesi""",0,0
AkÄ±n yÄ±ldÄ±rÄ±m pusula adlÄ± sergisi istanbul kÃ¼ltÃ¼r Ã¼niversitesi sanat galerisi  4.25 kasÄ±m 2015 gÃ¼nlerinde izliyebilirsin sanat dolu gÃ¼nlere.,0,0
"istanbul kÃ¼ltÃ¼r Ã¼niversitesi mÃ¼tevelli heyeti baÅŸkanÄ± Dr. Bahar AkÄ±ngÃ¼Ã§ GÃ¼nver'in biyografi muazzam, iÅŸte baÅŸkan dediÄŸin bÃ¶yle olacak.",0,0
#Periscope'ta CANLI: Ä±stanbul kÃ¼ltÃ¼r Ã¼niversitesi mutfaÄŸÄ±ndan canlÄ± yayin https://t.co/Ictei6e2W8,0,0
"BahÃ§elievler de ev arkadaÅŸÄ± arÄ±yorum, oda da olur â€” arkadaÅŸlar istanbul kÃ¼ltÃ¼r Ã¼niversitesi mimarlÄ±k ... https://t.co/zswao2lMcq #evarkadaÅŸÄ±",0,0
biri bana istanbul kÃ¼ltÃ¼r Ã¼niversitesi ingiliz dili ve edebiyatÄ±yla ilgili bi bilgi verse Ã§ok olmaz deÄŸil mi ? ğŸ™ƒ,0,0
"#TurancÄ±lar
#Almaty_Kazahkstan #Ø¢Ù„Ù…Ø§ØªÛŒ_Ù‚Ø²Ø§Ù‚Ø³ØªØ§Ù†_ØªÙˆØ±Ø§Ù† @ istanbul KÃ¼ltÃ¼r Ã¼niversitesi https://t.co/TsdPZfvRd6",0,0
"istanbul kÃ¼ltÃ¼r Ã¼niversitesi festival dÃ¼zenliyomuÅŸ, istanbul kÃ¼ltÃ¼r Ã¼niversitesi diye bi ÅŸey mi vardÄ± amkkq",0,1
I'm at istanbul kÃ¼ltÃ¼r Ã¼niversitesi lokali https://t.co/Jrip4xEsNe,0,0
I'm at istanbul kÃ¼ltÃ¼r Ã¼niversitesi lokali w/ @cistekisondamla https://t.co/nYu6qbM6pI,0,0
istanbul kÃ¼ltÃ¼r Ã¼niversitesi grafik tasarÄ±mÄ± kazanmÄ±ÅŸÄ±m ÅŸakamÄ± bu aq,0,0
istanbul kÃ¼ltÃ¼r Ã¼niversitesi.. her sabah bu Ã¼niyi gÃ¶rdÃ¼ÄŸÃ¼mde yariliyorum gÃ¼lmekten,0,0
istanbul kÃ¼ltÃ¼r Ã¼niversitesi ğŸ’™ @edisgorgulu https://t.co/2kDIII1uSY,0,1
istanbul kÃ¼ltÃ¼r Ã¼niversitesi reklamlarÄ± karÅŸÄ±ma Ã§Ä±kmayÄ± bÄ±rakÄ±n. ben o hatayÄ± 3 sene Ã¶nce yaptÄ±m zaten.,0,0
Birisi lÃ¼tfen istanbul kÃ¼ltÃ¼r Ã¼niversitesi adlÄ± nazÄ± kampÄ±ndan kaydÄ±mÄ± sildirebilir mi cama Ã§Ä±kÄ±p imdat diye baÄŸÄ±rmama ramak kaldÄ± Ã§Ã¼nkÃ¼,0,0
o kadar Ã¼lke gezmedim dil o kadar bilmiyorum ama senin bildiÄŸini de sanmÄ±yorum tÃ¼bitak beni Ã§aÄŸÄ±rdÄ± gitmedim lisede tÃ¼rkiye 40. vardÄ±  nereye birinci oluyorsun istanbul kÃ¼ltÃ¼r Ã¼niversitesi hukuk fakÃ¼ltesini sol gÃ¶zÃ¼m kapalÄ± kazanÄ±rÄ±m 3 saatlik Ã§alÄ±ÅŸmayla bitiririm :((,-1,0
valla sÃ¼per Ã¶zellikler istanbul kÃ¼ltÃ¼r Ã¼niversitesi nasÄ±l kandÄ±rmÄ±ÅŸ bu kÄ±zÄ±,0,0
istanbul kÃ¼ltÃ¼r Ã¼niversitesi hukuk fakÃ¼ltesini dÃ¼ÅŸÃ¼nen arkadaÅŸlara yardÄ±mcÄ± olabilirim...,0,0
istanbul KÃ¼ltÃ¼r Ãœniversitesi 2020-2021 dÃ¶nemi eÄŸitim-Ã¶ÄŸretim planlamalarÄ± hakkÄ±nda https://t.co/9G4DerH0WS,0,0
"sn. @Dr_OrhanKaraca hocanÄ±n istanbul kÃ¼ltÃ¼r Ã¼niversitesi'nde verdiÄŸi ""tÃ¼rkiye ekonomisi ve gÃ¼ncel ekonomik sorunlar"" dersi sunumlarÄ± aÃ§Ä±k, isteyen Ã¼cretsiz yararlanabilir: https://t.co/ZzFExk2Ydv",0,0
istanbul kÃ¼ltÃ¼r Ã¼niversitesi piyasaya ui designer fonluyo,0,0
istanbul kÃ¼ltÃ¼r Ã¼niversitesi... hayatÄ±mÄ±n bomboÅŸ geÃ§en 3 senesini geri ver,0,0
"BugÃ¼n Sibel Keyvan &amp; YarÄ±n ben istanbul KÃ¼ltÃ¼r Ãœniversitesiâ€™de YouTube CanlÄ± yayÄ±nÄ±nda birlikte olacaÄŸÄ±z. YayÄ±nÄ± izlemek iÃ§in aÅŸaÄŸÄ±daki linke tÄ±klayÄ±p abone olmayÄ± unutmayÄ±n.

https://t.co/UZCM0lw85G https://t.co/UoNQ8pvXst",0,0
"KÃ¼resel ekonomiyi ve TÃ¼rkiye ekonomisine dair merak ettiklerinizi istanbul KÃ¼ltÃ¼r Ãœniversitesi Ã–ÄŸretim Ãœyesi Prof.Dr. @sinanalcin ile #EkonomiYorumâ€™da konuÅŸuyoruz.

Birazdan @TRTRadyo1â€™de...

Online: https://t.co/htpHBRVzjm 

@TRTistradyosu @FeryalArdal https://t.co/Px4xASEmok",0,0
"KÃ¼resel ekonomiyi ve TÃ¼rkiye ekonomisine dair merak ettiklerinizi istanbul KÃ¼ltÃ¼r Ãœniversitesi Ã–ÄŸretim Ãœyesi Prof.Dr. @sinanalcin ile #EkonomiYorumâ€™da konuÅŸuyoruz.

Birazdan @TRTRadyo1â€™de...

Online: https://t.co/asijtIB5XU 

@TRTistradyosu @FeryalArdal https://t.co/lz0zwetkWX",0,0
"#finalleronline #ikufinalleronline
@BabalaTv
@YuksekogretimK
@erolozvar
@IKUedu
@uniteroru
BÃ¼tÃ¼n dÃ¶nem istanbul kÃ¼ltÃ¼r Ã¼niversitesi tarafÄ±ndan doÄŸru bir ÅŸekilde hibrit verilen eÄŸitimin ardÄ±ndan finallerin yÃ¼z yÃ¼ze olmasÄ± kabul edilemez. YurtlarÄ±ndan ve evlerinden Ã§Ä±kanlar var!",0,0
